"0","BaseUtile_r %>%"
"0","dplyr::select(sexe_r, diplome_r, Diff2_r, Abs1_r, Abs2_r, Delai_r) %>%"
"0","gtsummary::tbl_summary("
"0","  ## paramètres de tbl_summary"
"0","  "
"0","  by = Delai_r, ## variables qui forme les groupes"
"0","  "
"0","  label = list(diplome_r ~ ""diplome le plus eleve"", "
"0","               Diff2_r ~ ""difficulte d_integration au   "
"0","               debut"", sexe_r ~ ""sexe"", Abs1_r ~ ""absence aux rencontres"", "
"0","               Abs2_r ~ ""absence "
"0","               aux entretiens""), ## labélisation des variables dans le tableau"
"0","  "
"0","  percent = ""column"", ## Type de pourcentage affichés dans le tableau "
"0","  "
"0","  digits = list(Abs1_r ~ 2, Abs2_r ~ 3), ## nombre de chiffre après la virgule "
"0","##pour les résultats des variables précisées"
"0","  statistic = list(Abs1_r ~ ""{mean} ({sd})"","
"0","                   all_continuous2() ~ c(""{median} ({p25} - {p75}"", "
"0","                                         ""{mean} ({sd})"", ""{min} - {max}""),"
"0","                   sexe_r ~ ""{n}/{N} ({p}%)"","
"0","                   Diff2_r ~ ""{p} % ({n}/{N})""), ## type et formatage des statistics en forction du type de variable, des variables précisées"
"0","type = list(sexe_r ~ ""categorical"", Abs2_r ~ ""continuous2""), ## modifier et préciser comment il faut considérer la variable en terme de type"
"0","  "
"0","  missing = ""always"", ## afficher les stat sur les valeurs manquantes"
"0","  "
"0","  missing_text = ""Missing"", ## formatage et nomination de la variable ""valeur manquante"""
"0","  "
"0","  ) %>% "
"0","  "
"0","  add_overall() %>% ## ajouter les statistiques sur la base totale (non par groupe)"
"0","  "
"0","  add_difference() %>% ## afficher la différence entre les groupes, le test de significativité de la différence"
"0","    add_stat_label() ## afficher une colonne qui signifie les statistiques calculées et leur format d'affichage. Ex: mean (sd)"
