"0","BaseUtile_r %>% ## Base"
"0","  "
"0","dplyr::select(sexe_r, Diff2_r, Abs1_r, Abs2_r, Delai_r) %>% ## variables de la base utiles"
"0","  "
"0","gtsummary::tbl_summary("
"0","  ## paramètres de tbl_summary"
"0","  "
"0","  by = Delai_r, ## formation des groupes"
"0","  "
"0","  label = list(Diff2_r ~ ""difficulte d_integration au   "
"0","               debut"", sexe_r ~ ""sexe"", Abs1_r ~ ""absence aux rencontres"", Abs2_r ~ ""absence "
"0","               aux entretiens""), ## intitulés dans le tableau"
"0","    percent = ""column"", ## type de proportions afficher dans le tableau"
"0","    digits = list(all_continuous2() ~ c(style_percent, style_pvalue, style_ratio), ## appliquer aux variables continues l'affichage des pourcentages au style ""style_percent"" qui peut être aussi personnalisé"
"0","                Abs1_r ~ scales::label_number(accuracy = .01, suffix = "" hours"", decimal.mark = "","")), ## formatage des chiffres (nombre de ligne,unité...)"
"0","  "
"0","  statistic = list(Abs1_r ~ ""{mean} ({sd})"","
"0","                   all_continuous2() ~ c(""{median} ({p25} - {p75}"", ""{mean} ({sd})"", ""{min} - {max}"")"
"0","                   ), ## types statistiques"
"0","  type = list(sexe_r ~ ""categorical"", Abs2_r ~ ""continuous2""), ## spécifier le type"
"0","  missing_text = ""Missing"", ## affichage de la variable ""valeur manquante"""
"0","  )"
